OZET_CESIDI,TARIH,OZET,LOAD_DATE
Haftalık Konu Özeti,2024-01-01,"Bu hafta toplam 1,952 yorum alındı. En çok konuşulan konular: Kartlar, Diğer, Hızlı Para (KMH). En fazla şikayet alan konular: Diğer, FX Market, Alışveriş Kredisi. Haftalık ortalama NPS: 6.74.",2026-04-29 10:00:34
Haftalık Konu Özeti,2024-01-08,"Bu hafta toplam 1,832 yorum alındı. En çok konuşulan konular: ATM, Mobil Bankacılık, Kiraz (Vadeli Hesap). En fazla şikayet alan konular: Borsa Market, FX Market, Alışveriş Kredisi. Haftalık ortalama NPS: 6.65.",2026-04-29 10:00:34
Haftalık Konu Özeti,2024-01-15,"Bu hafta toplam 1,881 yorum alındı. En çok konuşulan konular: Diğer, Çağrı Merkezi, Kurumsal Bankacılık. En fazla şikayet alan konular: Çağrı Merkezi, Kripto Market, Kartlar. Haftalık ortalama NPS: 6.65.",2026-04-29 10:00:34
Haftalık Konu Özeti,2024-01-22,"Bu hafta toplam 1,924 yorum alındı. En çok konuşulan konular: Kripto Market, Mobil Bankacılık, Getirfinans. En fazla şikayet alan konular: Mobil Bankacılık, ATM, Kampanyalar. Haftalık ortalama NPS: 6.64.",2026-04-29 10:00:34
Haftalık Konu Özeti,2024-01-29,"Bu hafta toplam 1,916 yorum alındı. En çok konuşulan konular: Görüntülü Bankacılık, Şube, Kiraz (Vadeli Hesap). En fazla şikayet alan konular: Görüntülü Bankacılık, Hızlı Para (KMH), Diğer. Haftalık ortalama NPS: 6.63.",2026-04-29 10:00:34
Haftalık Konu Özeti,2024-02-05,"Bu hafta toplam 1,910 yorum alındı. En çok konuşulan konular: Kurumsal Bankacılık, Hızlı Para (KMH), ATM. En fazla şikayet alan konular: Hızlı Para (KMH), Kiraz (Vadeli Hesap), Diğer. Haftalık ortalama NPS: 6.70.",2026-04-29 10:00:34
Haftalık Konu Özeti,2024-02-12,"Bu hafta toplam 1,893 yorum alındı. En çok konuşulan konular: Hızlı Para (KMH), Diğer, Fon Market. En fazla şikayet alan konular: Görüntülü Bankacılık, Fon Market, Kurumsal Bankacılık. Haftalık ortalama NPS: 6.61.",2026-04-29 10:00:34
Haftalık Konu Özeti,2024-02-19,"Bu hafta toplam 1,906 yorum alındı. En çok konuşulan konular: Alışveriş Kredisi, Hızlı Para (KMH), Kampanyalar. En fazla şikayet alan konular: İhtiyaç Kredileri, Hızlı Para (KMH), Kiraz (Vadeli Hesap). Haftalık ortalama NPS: 6.67.",2026-04-29 10:00:34
Haftalık Konu Özeti,2024-02-26,"Bu hafta toplam 1,877 yorum alındı. En çok konuşulan konular: Banka, Borsa Market, Kurumsal Bankacılık. En fazla şikayet alan konular: Kripto Market, Alışveriş Kredisi, FX Market. Haftalık ortalama NPS: 6.44.",2026-04-29 10:00:34
Haftalık Konu Özeti,2024-03-04,"Bu hafta toplam 1,894 yorum alındı. En çok konuşulan konular: Diğer, Banka, ATM. En fazla şikayet alan konular: Diğer, Borsa Market, Mobil Bankacılık. Haftalık ortalama NPS: 6.58.",2026-04-29 10:00:34
Haftalık Konu Özeti,2024-03-11,"Bu hafta toplam 1,884 yorum alındı. En çok konuşulan konular: Mobil Bankacılık, Banka, FX Market. En fazla şikayet alan konular: Alışveriş Kredisi, Mobil Bankacılık, Kampanyalar. Haftalık ortalama NPS: 6.56.",2026-04-29 10:00:34
Haftalık Konu Özeti,2024-03-18,"Bu hafta toplam 1,918 yorum alındı. En çok konuşulan konular: Hızlı Para (KMH), Borsa Market, Fon Market. En fazla şikayet alan konular: ATM, Kampanyalar, Görüntülü Bankacılık. Haftalık ortalama NPS: 6.69.",2026-04-29 10:00:34
Haftalık Konu Özeti,2024-03-25,"Bu hafta toplam 1,939 yorum alındı. En çok konuşulan konular: Mobil Bankacılık, Hızlı Para (KMH), Kripto Market. En fazla şikayet alan konular: Getirfinans, Alışveriş Kredisi, Mobil Bankacılık. Haftalık ortalama NPS: 6.55.",2026-04-29 10:00:34
Haftalık Konu Özeti,2024-04-01,"Bu hafta toplam 1,997 yorum alındı. En çok konuşulan konular: Banka, Alışveriş Kredisi, ATM. En fazla şikayet alan konular: ATM, Getirfinans, Alışveriş Kredisi. Haftalık ortalama NPS: 6.65.",2026-04-29 10:00:34
Haftalık Konu Özeti,2024-04-08,"Bu hafta toplam 1,934 yorum alındı. En çok konuşulan konular: Getirfinans, Kripto Market, Diğer. En fazla şikayet alan konular: Kripto Market, Getirfinans, İhtiyaç Kredileri. Haftalık ortalama NPS: 6.68.",2026-04-29 10:00:34
Haftalık Konu Özeti,2024-04-15,"Bu hafta toplam 1,893 yorum alındı. En çok konuşulan konular: Mobil Bankacılık, Kripto Market, Görüntülü Bankacılık. En fazla şikayet alan konular: Mobil Bankacılık, Görüntülü Bankacılık, Kampanyalar. Haftalık ortalama NPS: 6.49.",2026-04-29 10:00:34
Haftalık Konu Özeti,2024-04-22,"Bu hafta toplam 1,923 yorum alındı. En çok konuşulan konular: Banka, Hızlı Para (KMH), Kampanyalar. En fazla şikayet alan konular: Hızlı Para (KMH), Kampanyalar, Diğer. Haftalık ortalama NPS: 6.64.",2026-04-29 10:00:34
Haftalık Konu Özeti,2024-04-29,"Bu hafta toplam 2,007 yorum alındı. En çok konuşulan konular: Fon Market, Mobil Bankacılık, Görüntülü Bankacılık. En fazla şikayet alan konular: Fon Market, Kartlar, Kripto Market. Haftalık ortalama NPS: 6.57.",2026-04-29 10:00:34
Haftalık Konu Özeti,2024-05-06,"Bu hafta toplam 1,927 yorum alındı. En çok konuşulan konular: Fon Market, Kurumsal Bankacılık, Kampanyalar. En fazla şikayet alan konular: Kartlar, Hızlı Para (KMH), Kampanyalar. Haftalık ortalama NPS: 6.62.",2026-04-29 10:00:34
Haftalık Konu Özeti,2024-05-13,"Bu hafta toplam 1,935 yorum alındı. En çok konuşulan konular: Kartlar, Fon Market, Mobil Bankacılık. En fazla şikayet alan konular: Alışveriş Kredisi, Mobil Bankacılık, Görüntülü Bankacılık. Haftalık ortalama NPS: 6.64.",2026-04-29 10:00:34
Haftalık Konu Özeti,2024-05-20,"Bu hafta toplam 1,898 yorum alındı. En çok konuşulan konular: Alışveriş Kredisi, Kiraz (Vadeli Hesap), Şube. En fazla şikayet alan konular: Fon Market, Hızlı Para (KMH), ATM. Haftalık ortalama NPS: 6.45.",2026-04-29 10:00:34
Haftalık Konu Özeti,2024-05-27,"Bu hafta toplam 1,868 yorum alındı. En çok konuşulan konular: Fon Market, Çağrı Merkezi, Görüntülü Bankacılık. En fazla şikayet alan konular: Fon Market, Çağrı Merkezi, Görüntülü Bankacılık. Haftalık ortalama NPS: 6.74.",2026-04-29 10:00:34
Haftalık Konu Özeti,2024-06-03,"Bu hafta toplam 1,922 yorum alındı. En çok konuşulan konular: Kartlar, Kurumsal Bankacılık, Çağrı Merkezi. En fazla şikayet alan konular: Kurumsal Bankacılık, Hızlı Para (KMH), Kartlar. Haftalık ortalama NPS: 6.73.",2026-04-29 10:00:34
Haftalık Konu Özeti,2024-06-10,"Bu hafta toplam 1,903 yorum alındı. En çok konuşulan konular: Alışveriş Kredisi, İhtiyaç Kredileri, Hızlı Para (KMH). En fazla şikayet alan konular: Görüntülü Bankacılık, Kampanyalar, İhtiyaç Kredileri. Haftalık ortalama NPS: 6.58.",2026-04-29 10:00:34
Haftalık Konu Özeti,2024-06-17,"Bu hafta toplam 1,924 yorum alındı. En çok konuşulan konular: Şube, Alışveriş Kredisi, Fon Market. En fazla şikayet alan konular: Banka, Kampanyalar, Getirfinans. Haftalık ortalama NPS: 6.65.",2026-04-29 10:00:34
Haftalık Konu Özeti,2024-06-24,"Bu hafta toplam 1,924 yorum alındı. En çok konuşulan konular: Kurumsal Bankacılık, Mobil Bankacılık, Kartlar. En fazla şikayet alan konular: Kurumsal Bankacılık, Mobil Bankacılık, Şube. Haftalık ortalama NPS: 6.69.",2026-04-29 10:00:34
Haftalık Konu Özeti,2024-07-01,"Bu hafta toplam 1,929 yorum alındı. En çok konuşulan konular: Hızlı Para (KMH), FX Market, Diğer. En fazla şikayet alan konular: Diğer, FX Market, Mobil Bankacılık. Haftalık ortalama NPS: 6.57.",2026-04-29 10:00:34
Haftalık Konu Özeti,2024-07-08,"Bu hafta toplam 1,842 yorum alındı. En çok konuşulan konular: Şube, Fon Market, Kiraz (Vadeli Hesap). En fazla şikayet alan konular: Kartlar, Mobil Bankacılık, Kiraz (Vadeli Hesap). Haftalık ortalama NPS: 6.63.",2026-04-29 10:00:34
Haftalık Konu Özeti,2024-07-15,"Bu hafta toplam 1,907 yorum alındı. En çok konuşulan konular: Kartlar, Kripto Market, Alışveriş Kredisi. En fazla şikayet alan konular: Alışveriş Kredisi, Kartlar, Kurumsal Bankacılık. Haftalık ortalama NPS: 6.70.",2026-04-29 10:00:34
Haftalık Konu Özeti,2024-07-22,"Bu hafta toplam 1,996 yorum alındı. En çok konuşulan konular: Alışveriş Kredisi, Kampanyalar, FX Market. En fazla şikayet alan konular: FX Market, Borsa Market, Kurumsal Bankacılık. Haftalık ortalama NPS: 6.73.",2026-04-29 10:00:34
Haftalık Konu Özeti,2024-07-29,"Bu hafta toplam 1,901 yorum alındı. En çok konuşulan konular: ATM, Kampanyalar, Kartlar. En fazla şikayet alan konular: Alışveriş Kredisi, Kartlar, Kurumsal Bankacılık. Haftalık ortalama NPS: 6.70.",2026-04-29 10:00:34
Haftalık Konu Özeti,2024-08-05,"Bu hafta toplam 1,869 yorum alındı. En çok konuşulan konular: Kurumsal Bankacılık, Borsa Market, Diğer. En fazla şikayet alan konular: Mobil Bankacılık, Borsa Market, Hızlı Para (KMH). Haftalık ortalama NPS: 6.59.",2026-04-29 10:00:34
Haftalık Konu Özeti,2024-08-12,"Bu hafta toplam 1,919 yorum alındı. En çok konuşulan konular: Kartlar, Diğer, Kiraz (Vadeli Hesap). En fazla şikayet alan konular: Diğer, Kiraz (Vadeli Hesap), Kartlar. Haftalık ortalama NPS: 6.67.",2026-04-29 10:00:34
Haftalık Konu Özeti,2024-08-19,"Bu hafta toplam 1,936 yorum alındı. En çok konuşulan konular: FX Market, Şube, Kripto Market. En fazla şikayet alan konular: FX Market, Kiraz (Vadeli Hesap), Kartlar. Haftalık ortalama NPS: 6.61.",2026-04-29 10:00:34
Haftalık Konu Özeti,2024-08-26,"Bu hafta toplam 1,897 yorum alındı. En çok konuşulan konular: ATM, Fon Market, Görüntülü Bankacılık. En fazla şikayet alan konular: Getirfinans, Fon Market, Banka. Haftalık ortalama NPS: 6.62.",2026-04-29 10:00:34
Haftalık Konu Özeti,2024-09-02,"Bu hafta toplam 1,951 yorum alındı. En çok konuşulan konular: Çağrı Merkezi, Kiraz (Vadeli Hesap), Kripto Market. En fazla şikayet alan konular: Borsa Market, Kiraz (Vadeli Hesap), Kartlar. Haftalık ortalama NPS: 6.55.",2026-04-29 10:00:34
Haftalık Konu Özeti,2024-09-09,"Bu hafta toplam 2,000 yorum alındı. En çok konuşulan konular: Borsa Market, Hızlı Para (KMH), Görüntülü Bankacılık. En fazla şikayet alan konular: Borsa Market, Hızlı Para (KMH), İhtiyaç Kredileri. Haftalık ortalama NPS: 6.67.",2026-04-29 10:00:34
Haftalık Konu Özeti,2024-09-16,"Bu hafta toplam 1,984 yorum alındı. En çok konuşulan konular: Kurumsal Bankacılık, Borsa Market, Kampanyalar. En fazla şikayet alan konular: Borsa Market, FX Market, Kurumsal Bankacılık. Haftalık ortalama NPS: 6.63.",2026-04-29 10:00:34
Haftalık Konu Özeti,2024-09-23,"Bu hafta toplam 1,968 yorum alındı. En çok konuşulan konular: Alışveriş Kredisi, Mobil Bankacılık, Hızlı Para (KMH). En fazla şikayet alan konular: Fon Market, Getirfinans, İhtiyaç Kredileri. Haftalık ortalama NPS: 6.55.",2026-04-29 10:00:34
Haftalık Konu Özeti,2024-09-30,"Bu hafta toplam 1,956 yorum alındı. En çok konuşulan konular: İhtiyaç Kredileri, ATM, Kampanyalar. En fazla şikayet alan konular: Görüntülü Bankacılık, ATM, Kiraz (Vadeli Hesap). Haftalık ortalama NPS: 6.58.",2026-04-29 10:00:34
Haftalık Konu Özeti,2024-10-07,"Bu hafta toplam 1,875 yorum alındı. En çok konuşulan konular: Kurumsal Bankacılık, Banka, Şube. En fazla şikayet alan konular: Kampanyalar, Mobil Bankacılık, Alışveriş Kredisi. Haftalık ortalama NPS: 6.73.",2026-04-29 10:00:34
Haftalık Konu Özeti,2024-10-14,"Bu hafta toplam 1,840 yorum alındı. En çok konuşulan konular: Kartlar, Kiraz (Vadeli Hesap), Görüntülü Bankacılık. En fazla şikayet alan konular: Kartlar, Mobil Bankacılık, Kiraz (Vadeli Hesap). Haftalık ortalama NPS: 6.69.",2026-04-29 10:00:34
Haftalık Konu Özeti,2024-10-21,"Bu hafta toplam 1,916 yorum alındı. En çok konuşulan konular: Fon Market, Getirfinans, Kiraz (Vadeli Hesap). En fazla şikayet alan konular: Kripto Market, Fon Market, Getirfinans. Haftalık ortalama NPS: 6.62.",2026-04-29 10:00:34
Haftalık Konu Özeti,2024-10-28,"Bu hafta toplam 1,938 yorum alındı. En çok konuşulan konular: Diğer, Kartlar, Çağrı Merkezi. En fazla şikayet alan konular: Borsa Market, Görüntülü Bankacılık, Hızlı Para (KMH). Haftalık ortalama NPS: 6.57.",2026-04-29 10:00:34
Haftalık Konu Özeti,2024-11-04,"Bu hafta toplam 1,988 yorum alındı. En çok konuşulan konular: Mobil Bankacılık, Banka, Şube. En fazla şikayet alan konular: Mobil Bankacılık, Şube, Kampanyalar. Haftalık ortalama NPS: 6.65.",2026-04-29 10:00:34
Haftalık Konu Özeti,2024-11-11,"Bu hafta toplam 1,902 yorum alındı. En çok konuşulan konular: Kiraz (Vadeli Hesap), Kartlar, Getirfinans. En fazla şikayet alan konular: Fon Market, Kurumsal Bankacılık, Hızlı Para (KMH). Haftalık ortalama NPS: 6.67.",2026-04-29 10:00:34
Haftalık Konu Özeti,2024-11-18,"Bu hafta toplam 1,858 yorum alındı. En çok konuşulan konular: Fon Market, FX Market, ATM. En fazla şikayet alan konular: Banka, Kartlar, Fon Market. Haftalık ortalama NPS: 6.62.",2026-04-29 10:00:34
Haftalık Konu Özeti,2024-11-25,"Bu hafta toplam 1,881 yorum alındı. En çok konuşulan konular: Kampanyalar, Çağrı Merkezi, Kartlar. En fazla şikayet alan konular: Alışveriş Kredisi, Kampanyalar, Çağrı Merkezi. Haftalık ortalama NPS: 6.71.",2026-04-29 10:00:34
Haftalık Konu Özeti,2024-12-02,"Bu hafta toplam 1,896 yorum alındı. En çok konuşulan konular: Kurumsal Bankacılık, Kiraz (Vadeli Hesap), İhtiyaç Kredileri. En fazla şikayet alan konular: Kartlar, Kurumsal Bankacılık, ATM. Haftalık ortalama NPS: 6.45.",2026-04-29 10:00:34
Haftalık Konu Özeti,2024-12-09,"Bu hafta toplam 1,930 yorum alındı. En çok konuşulan konular: Getirfinans, Alışveriş Kredisi, Kampanyalar. En fazla şikayet alan konular: Getirfinans, Borsa Market, Kampanyalar. Haftalık ortalama NPS: 6.67.",2026-04-29 10:00:34
Haftalık Konu Özeti,2024-12-16,"Bu hafta toplam 1,897 yorum alındı. En çok konuşulan konular: Şube, Alışveriş Kredisi, Fon Market. En fazla şikayet alan konular: Hızlı Para (KMH), Şube, Mobil Bankacılık. Haftalık ortalama NPS: 6.67.",2026-04-29 10:00:34
Haftalık Konu Özeti,2024-12-23,"Bu hafta toplam 1,989 yorum alındı. En çok konuşulan konular: Fon Market, İhtiyaç Kredileri, Alışveriş Kredisi. En fazla şikayet alan konular: Fon Market, Alışveriş Kredisi, Kiraz (Vadeli Hesap). Haftalık ortalama NPS: 6.54.",2026-04-29 10:00:34
Haftalık Konu Özeti,2024-12-30,"Bu hafta toplam 1,866 yorum alındı. En çok konuşulan konular: Kampanyalar, Mobil Bankacılık, Hızlı Para (KMH). En fazla şikayet alan konular: Kurumsal Bankacılık, Banka, Kartlar. Haftalık ortalama NPS: 6.62.",2026-04-29 10:00:34
Haftalık Konu Özeti,2025-01-06,"Bu hafta toplam 2,008 yorum alındı. En çok konuşulan konular: Hızlı Para (KMH), İhtiyaç Kredileri, Kiraz (Vadeli Hesap). En fazla şikayet alan konular: Alışveriş Kredisi, Hızlı Para (KMH), Kurumsal Bankacılık. Haftalık ortalama NPS: 6.55.",2026-04-29 10:00:34
Haftalık Konu Özeti,2025-01-13,"Bu hafta toplam 1,899 yorum alındı. En çok konuşulan konular: Getirfinans, Şube, Mobil Bankacılık. En fazla şikayet alan konular: Fon Market, Getirfinans, Mobil Bankacılık. Haftalık ortalama NPS: 6.64.",2026-04-29 10:00:34
Haftalık Konu Özeti,2025-01-20,"Bu hafta toplam 1,867 yorum alındı. En çok konuşulan konular: Borsa Market, Getirfinans, Fon Market. En fazla şikayet alan konular: Mobil Bankacılık, Kartlar, Alışveriş Kredisi. Haftalık ortalama NPS: 6.64.",2026-04-29 10:00:34
Haftalık Konu Özeti,2025-01-27,"Bu hafta toplam 1,931 yorum alındı. En çok konuşulan konular: Hızlı Para (KMH), Kiraz (Vadeli Hesap), FX Market. En fazla şikayet alan konular: Hızlı Para (KMH), FX Market, Diğer. Haftalık ortalama NPS: 6.67.",2026-04-29 10:00:34
Haftalık Konu Özeti,2025-02-03,"Bu hafta toplam 1,994 yorum alındı. En çok konuşulan konular: İhtiyaç Kredileri, Kampanyalar, FX Market. En fazla şikayet alan konular: FX Market, İhtiyaç Kredileri, Kiraz (Vadeli Hesap). Haftalık ortalama NPS: 6.60.",2026-04-29 10:00:34
Haftalık Konu Özeti,2025-02-10,"Bu hafta toplam 2,015 yorum alındı. En çok konuşulan konular: Diğer, İhtiyaç Kredileri, ATM. En fazla şikayet alan konular: Diğer, Alışveriş Kredisi, Kiraz (Vadeli Hesap). Haftalık ortalama NPS: 6.69.",2026-04-29 10:00:34
Haftalık Konu Özeti,2025-02-17,"Bu hafta toplam 1,984 yorum alındı. En çok konuşulan konular: Banka, Alışveriş Kredisi, Borsa Market. En fazla şikayet alan konular: Alışveriş Kredisi, Kurumsal Bankacılık, Getirfinans. Haftalık ortalama NPS: 6.59.",2026-04-29 10:00:34
Haftalık Konu Özeti,2025-02-24,"Bu hafta toplam 1,908 yorum alındı. En çok konuşulan konular: Kurumsal Bankacılık, İhtiyaç Kredileri, Kripto Market. En fazla şikayet alan konular: Kurumsal Bankacılık, Hızlı Para (KMH), Mobil Bankacılık. Haftalık ortalama NPS: 6.67.",2026-04-29 10:00:34
Haftalık Konu Özeti,2025-03-03,"Bu hafta toplam 1,980 yorum alındı. En çok konuşulan konular: Alışveriş Kredisi, Hızlı Para (KMH), Çağrı Merkezi. En fazla şikayet alan konular: Borsa Market, Alışveriş Kredisi, Kiraz (Vadeli Hesap). Haftalık ortalama NPS: 6.54.",2026-04-29 10:00:34
Haftalık Konu Özeti,2025-03-10,"Bu hafta toplam 1,970 yorum alındı. En çok konuşulan konular: Getirfinans, Kartlar, Çağrı Merkezi. En fazla şikayet alan konular: Hızlı Para (KMH), Getirfinans, Borsa Market. Haftalık ortalama NPS: 6.69.",2026-04-29 10:00:34
Haftalık Konu Özeti,2025-03-17,"Bu hafta toplam 1,890 yorum alındı. En çok konuşulan konular: Görüntülü Bankacılık, Kripto Market, Hızlı Para (KMH). En fazla şikayet alan konular: Görüntülü Bankacılık, Kripto Market, Banka. Haftalık ortalama NPS: 6.74.",2026-04-29 10:00:34
Haftalık Konu Özeti,2025-03-24,"Bu hafta toplam 1,880 yorum alındı. En çok konuşulan konular: ATM, Kartlar, Fon Market. En fazla şikayet alan konular: Alışveriş Kredisi, Borsa Market, Mobil Bankacılık. Haftalık ortalama NPS: 6.70.",2026-04-29 10:00:34
Haftalık Konu Özeti,2025-03-31,"Bu hafta toplam 1,900 yorum alındı. En çok konuşulan konular: Borsa Market, Kartlar, Görüntülü Bankacılık. En fazla şikayet alan konular: Borsa Market, Kurumsal Bankacılık, Çağrı Merkezi. Haftalık ortalama NPS: 6.55.",2026-04-29 10:00:34
Haftalık Konu Özeti,2025-04-07,"Bu hafta toplam 1,885 yorum alındı. En çok konuşulan konular: Hızlı Para (KMH), Çağrı Merkezi, Kartlar. En fazla şikayet alan konular: Banka, Kurumsal Bankacılık, Alışveriş Kredisi. Haftalık ortalama NPS: 6.52.",2026-04-29 10:00:34
Haftalık Konu Özeti,2025-04-14,"Bu hafta toplam 1,934 yorum alındı. En çok konuşulan konular: Görüntülü Bankacılık, Fon Market, Kurumsal Bankacılık. En fazla şikayet alan konular: Kiraz (Vadeli Hesap), Mobil Bankacılık, FX Market. Haftalık ortalama NPS: 6.61.",2026-04-29 10:00:34
Haftalık Konu Özeti,2025-04-21,"Bu hafta toplam 1,949 yorum alındı. En çok konuşulan konular: FX Market, Hızlı Para (KMH), Çağrı Merkezi. En fazla şikayet alan konular: Görüntülü Bankacılık, Borsa Market, Kampanyalar. Haftalık ortalama NPS: 6.76.",2026-04-29 10:00:34
Haftalık Konu Özeti,2025-04-28,"Bu hafta toplam 1,931 yorum alındı. En çok konuşulan konular: Banka, Getirfinans, İhtiyaç Kredileri. En fazla şikayet alan konular: Getirfinans, Kripto Market, Görüntülü Bankacılık. Haftalık ortalama NPS: 6.72.",2026-04-29 10:00:34
Haftalık Konu Özeti,2025-05-05,"Bu hafta toplam 1,913 yorum alındı. En çok konuşulan konular: Görüntülü Bankacılık, Borsa Market, Diğer. En fazla şikayet alan konular: Kartlar, Hızlı Para (KMH), İhtiyaç Kredileri. Haftalık ortalama NPS: 6.68.",2026-04-29 10:00:34
Haftalık Konu Özeti,2025-05-12,"Bu hafta toplam 1,853 yorum alındı. En çok konuşulan konular: Borsa Market, Alışveriş Kredisi, FX Market. En fazla şikayet alan konular: Alışveriş Kredisi, Hızlı Para (KMH), Getirfinans. Haftalık ortalama NPS: 6.77.",2026-04-29 10:00:34
Haftalık Konu Özeti,2025-05-19,"Bu hafta toplam 1,863 yorum alındı. En çok konuşulan konular: Alışveriş Kredisi, Kampanyalar, ATM. En fazla şikayet alan konular: Fon Market, Kurumsal Bankacılık, Alışveriş Kredisi. Haftalık ortalama NPS: 6.55.",2026-04-29 10:00:34
Haftalık Konu Özeti,2025-05-26,"Bu hafta toplam 1,908 yorum alındı. En çok konuşulan konular: Kurumsal Bankacılık, Kartlar, Diğer. En fazla şikayet alan konular: Mobil Bankacılık, Banka, Borsa Market. Haftalık ortalama NPS: 6.69.",2026-04-29 10:00:34
Haftalık Konu Özeti,2025-06-02,"Bu hafta toplam 1,884 yorum alındı. En çok konuşulan konular: Hızlı Para (KMH), Banka, FX Market. En fazla şikayet alan konular: İhtiyaç Kredileri, Borsa Market, Çağrı Merkezi. Haftalık ortalama NPS: 6.73.",2026-04-29 10:00:34
Haftalık Konu Özeti,2025-06-09,"Bu hafta toplam 1,895 yorum alındı. En çok konuşulan konular: Fon Market, Kartlar, Banka. En fazla şikayet alan konular: Fon Market, İhtiyaç Kredileri, Alışveriş Kredisi. Haftalık ortalama NPS: 6.61.",2026-04-29 10:00:34
Haftalık Konu Özeti,2025-06-16,"Bu hafta toplam 1,885 yorum alındı. En çok konuşulan konular: Diğer, Kripto Market, Kurumsal Bankacılık. En fazla şikayet alan konular: Diğer, Kiraz (Vadeli Hesap), Kripto Market. Haftalık ortalama NPS: 6.74.",2026-04-29 10:00:34
Haftalık Konu Özeti,2025-06-23,"Bu hafta toplam 1,888 yorum alındı. En çok konuşulan konular: Kampanyalar, Kartlar, Çağrı Merkezi. En fazla şikayet alan konular: Kampanyalar, Diğer, Hızlı Para (KMH). Haftalık ortalama NPS: 6.72.",2026-04-29 10:00:34
Haftalık Konu Özeti,2025-06-30,"Bu hafta toplam 1,868 yorum alındı. En çok konuşulan konular: Alışveriş Kredisi, Şube, Kurumsal Bankacılık. En fazla şikayet alan konular: FX Market, Kurumsal Bankacılık, Getirfinans. Haftalık ortalama NPS: 6.63.",2026-04-29 10:00:34
Haftalık Konu Özeti,2025-07-07,"Bu hafta toplam 1,965 yorum alındı. En çok konuşulan konular: Çağrı Merkezi, Fon Market, Kartlar. En fazla şikayet alan konular: Kripto Market, Çağrı Merkezi, Şube. Haftalık ortalama NPS: 6.60.",2026-04-29 10:00:34
Haftalık Konu Özeti,2025-07-14,"Bu hafta toplam 1,902 yorum alındı. En çok konuşulan konular: Alışveriş Kredisi, ATM, Görüntülü Bankacılık. En fazla şikayet alan konular: Şube, Getirfinans, Hızlı Para (KMH). Haftalık ortalama NPS: 6.68.",2026-04-29 10:00:34
Haftalık Konu Özeti,2025-07-21,"Bu hafta toplam 1,902 yorum alındı. En çok konuşulan konular: Borsa Market, Fon Market, Kurumsal Bankacılık. En fazla şikayet alan konular: Kurumsal Bankacılık, Borsa Market, Banka. Haftalık ortalama NPS: 6.61.",2026-04-29 10:00:34
Haftalık Konu Özeti,2025-07-28,"Bu hafta toplam 1,852 yorum alındı. En çok konuşulan konular: Görüntülü Bankacılık, Fon Market, Hızlı Para (KMH). En fazla şikayet alan konular: Kiraz (Vadeli Hesap), Görüntülü Bankacılık, Getirfinans. Haftalık ortalama NPS: 6.69.",2026-04-29 10:00:34
Haftalık Konu Özeti,2025-08-04,"Bu hafta toplam 1,906 yorum alındı. En çok konuşulan konular: Fon Market, Alışveriş Kredisi, Mobil Bankacılık. En fazla şikayet alan konular: Mobil Bankacılık, Kurumsal Bankacılık, Alışveriş Kredisi. Haftalık ortalama NPS: 6.64.",2026-04-29 10:00:34
Haftalık Konu Özeti,2025-08-11,"Bu hafta toplam 1,925 yorum alındı. En çok konuşulan konular: Kurumsal Bankacılık, Getirfinans, FX Market. En fazla şikayet alan konular: Kripto Market, Kurumsal Bankacılık, Kampanyalar. Haftalık ortalama NPS: 6.65.",2026-04-29 10:00:34
Haftalık Konu Özeti,2025-08-18,"Bu hafta toplam 1,976 yorum alındı. En çok konuşulan konular: Kampanyalar, ATM, Şube. En fazla şikayet alan konular: Kiraz (Vadeli Hesap), Banka, Kartlar. Haftalık ortalama NPS: 6.71.",2026-04-29 10:00:34
Haftalık Konu Özeti,2025-08-25,"Bu hafta toplam 1,852 yorum alındı. En çok konuşulan konular: ATM, Getirfinans, Kartlar. En fazla şikayet alan konular: ATM, Getirfinans, Borsa Market. Haftalık ortalama NPS: 6.66.",2026-04-29 10:00:34
Haftalık Konu Özeti,2025-09-01,"Bu hafta toplam 1,960 yorum alındı. En çok konuşulan konular: Fon Market, Şube, Kampanyalar. En fazla şikayet alan konular: İhtiyaç Kredileri, Getirfinans, Fon Market. Haftalık ortalama NPS: 6.67.",2026-04-29 10:00:34
Haftalık Konu Özeti,2025-09-08,"Bu hafta toplam 1,961 yorum alındı. En çok konuşulan konular: Hızlı Para (KMH), ATM, Görüntülü Bankacılık. En fazla şikayet alan konular: Mobil Bankacılık, Görüntülü Bankacılık, Borsa Market. Haftalık ortalama NPS: 6.69.",2026-04-29 10:00:34
Haftalık Konu Özeti,2025-09-15,"Bu hafta toplam 1,888 yorum alındı. En çok konuşulan konular: Kurumsal Bankacılık, Getirfinans, Borsa Market. En fazla şikayet alan konular: Kurumsal Bankacılık, Kartlar, Borsa Market. Haftalık ortalama NPS: 6.66.",2026-04-29 10:00:34
Haftalık Konu Özeti,2025-09-22,"Bu hafta toplam 1,904 yorum alındı. En çok konuşulan konular: Fon Market, ATM, Kiraz (Vadeli Hesap). En fazla şikayet alan konular: İhtiyaç Kredileri, Şube, Kiraz (Vadeli Hesap). Haftalık ortalama NPS: 6.70.",2026-04-29 10:00:34
Haftalık Konu Özeti,2025-09-29,"Bu hafta toplam 1,838 yorum alındı. En çok konuşulan konular: Görüntülü Bankacılık, Mobil Bankacılık, Kartlar. En fazla şikayet alan konular: Banka, Kartlar, Borsa Market. Haftalık ortalama NPS: 6.63.",2026-04-29 10:00:34
Haftalık Konu Özeti,2025-10-06,"Bu hafta toplam 1,904 yorum alındı. En çok konuşulan konular: FX Market, Mobil Bankacılık, Getirfinans. En fazla şikayet alan konular: FX Market, Kripto Market, Kampanyalar. Haftalık ortalama NPS: 6.63.",2026-04-29 10:00:34
Haftalık Konu Özeti,2025-10-13,"Bu hafta toplam 2,002 yorum alındı. En çok konuşulan konular: Kripto Market, Borsa Market, Mobil Bankacılık. En fazla şikayet alan konular: Kripto Market, Getirfinans, Kiraz (Vadeli Hesap). Haftalık ortalama NPS: 6.61.",2026-04-29 10:00:34
Haftalık Konu Özeti,2025-10-20,"Bu hafta toplam 1,967 yorum alındı. En çok konuşulan konular: Görüntülü Bankacılık, Alışveriş Kredisi, Borsa Market. En fazla şikayet alan konular: FX Market, Görüntülü Bankacılık, Alışveriş Kredisi. Haftalık ortalama NPS: 6.63.",2026-04-29 10:00:34
Haftalık Konu Özeti,2025-10-27,"Bu hafta toplam 1,896 yorum alındı. En çok konuşulan konular: Alışveriş Kredisi, Kripto Market, Hızlı Para (KMH). En fazla şikayet alan konular: Kripto Market, Mobil Bankacılık, Alışveriş Kredisi. Haftalık ortalama NPS: 6.73.",2026-04-29 10:00:34
Haftalık Konu Özeti,2025-11-03,"Bu hafta toplam 1,920 yorum alındı. En çok konuşulan konular: İhtiyaç Kredileri, Kiraz (Vadeli Hesap), Kripto Market. En fazla şikayet alan konular: Diğer, Banka, İhtiyaç Kredileri. Haftalık ortalama NPS: 6.62.",2026-04-29 10:00:34
Haftalık Konu Özeti,2025-11-10,"Bu hafta toplam 1,892 yorum alındı. En çok konuşulan konular: Borsa Market, Şube, Kurumsal Bankacılık. En fazla şikayet alan konular: Kiraz (Vadeli Hesap), Borsa Market, ATM. Haftalık ortalama NPS: 6.59.",2026-04-29 10:00:34
Haftalık Konu Özeti,2025-11-17,"Bu hafta toplam 1,971 yorum alındı. En çok konuşulan konular: Görüntülü Bankacılık, Kiraz (Vadeli Hesap), Alışveriş Kredisi. En fazla şikayet alan konular: Kiraz (Vadeli Hesap), Görüntülü Bankacılık, Kartlar. Haftalık ortalama NPS: 6.63.",2026-04-29 10:00:34
Haftalık Konu Özeti,2025-11-24,"Bu hafta toplam 1,964 yorum alındı. En çok konuşulan konular: Alışveriş Kredisi, Kiraz (Vadeli Hesap), Kampanyalar. En fazla şikayet alan konular: Fon Market, Alışveriş Kredisi, Kiraz (Vadeli Hesap). Haftalık ortalama NPS: 6.69.",2026-04-29 10:00:34
Haftalık Konu Özeti,2025-12-01,"Bu hafta toplam 1,868 yorum alındı. En çok konuşulan konular: Kiraz (Vadeli Hesap), Şube, İhtiyaç Kredileri. En fazla şikayet alan konular: Kiraz (Vadeli Hesap), Şube, ATM. Haftalık ortalama NPS: 6.57.",2026-04-29 10:00:34
Haftalık Konu Özeti,2025-12-08,"Bu hafta toplam 1,851 yorum alındı. En çok konuşulan konular: FX Market, ATM, Banka. En fazla şikayet alan konular: Mobil Bankacılık, ATM, Banka. Haftalık ortalama NPS: 6.69.",2026-04-29 10:00:34
Haftalık Konu Özeti,2025-12-15,"Bu hafta toplam 1,925 yorum alındı. En çok konuşulan konular: Getirfinans, Kampanyalar, Şube. En fazla şikayet alan konular: Banka, Getirfinans, Kampanyalar. Haftalık ortalama NPS: 6.71.",2026-04-29 10:00:34
Haftalık Konu Özeti,2025-12-22,"Bu hafta toplam 1,982 yorum alındı. En çok konuşulan konular: Kripto Market, Banka, Çağrı Merkezi. En fazla şikayet alan konular: ATM, Diğer, Fon Market. Haftalık ortalama NPS: 6.70.",2026-04-29 10:00:34
Haftalık Konu Özeti,2025-12-29,"Bu hafta toplam 533 yorum alındı. En çok konuşulan konular: ATM, Borsa Market, Getirfinans. En fazla şikayet alan konular: Fon Market, Görüntülü Bankacılık, Kampanyalar. Haftalık ortalama NPS: 6.66.",2026-04-29 10:00:34
Aylık Konu Özeti,2024-01-01,"2024-01 ayında toplam 8,378 yorum alındı. NPS ortalaması: 6.67. Detractor oranı: %39.8. Öne çıkan konular: Diğer, Mobil Bankacılık, Kripto Market, Kartlar, Borsa Market.",2026-04-29 10:00:34
Aylık Konu Özeti,2024-02-01,"2024-02 ayında toplam 7,933 yorum alındı. NPS ortalaması: 6.61. Detractor oranı: %40.8. Öne çıkan konular: Hızlı Para (KMH), Kurumsal Bankacılık, İhtiyaç Kredileri, Diğer, Kiraz (Vadeli Hesap).",2026-04-29 10:00:34
Aylık Konu Özeti,2024-03-01,"2024-03 ayında toplam 8,415 yorum alındı. NPS ortalaması: 6.59. Detractor oranı: %40.6. Öne çıkan konular: FX Market, Banka, Hızlı Para (KMH), Borsa Market, Mobil Bankacılık.",2026-04-29 10:00:34
Aylık Konu Özeti,2024-04-01,"2024-04 ayında toplam 8,343 yorum alındı. NPS ortalaması: 6.61. Detractor oranı: %40.7. Öne çıkan konular: Kripto Market, Getirfinans, Banka, Diğer, FX Market.",2026-04-29 10:00:34
Aylık Konu Özeti,2024-05-01,"2024-05 ayında toplam 8,495 yorum alındı. NPS ortalaması: 6.59. Detractor oranı: %39.9. Öne çıkan konular: Fon Market, Kartlar, Mobil Bankacılık, Kampanyalar, Hızlı Para (KMH).",2026-04-29 10:00:34
Aylık Konu Özeti,2024-06-01,"2024-06 ayında toplam 8,217 yorum alındı. NPS ortalaması: 6.68. Detractor oranı: %39.0. Öne çıkan konular: Hızlı Para (KMH), Kartlar, Alışveriş Kredisi, Çağrı Merkezi, Şube.",2026-04-29 10:00:34
Aylık Konu Özeti,2024-07-01,"2024-07 ayında toplam 8,478 yorum alındı. NPS ortalaması: 6.66. Detractor oranı: %39.5. Öne çıkan konular: FX Market, Şube, Alışveriş Kredisi, Getirfinans, ATM.",2026-04-29 10:00:34
Aylık Konu Özeti,2024-08-01,"2024-08 ayında toplam 8,442 yorum alındı. NPS ortalaması: 6.63. Detractor oranı: %39.8. Öne çıkan konular: Kampanyalar, Borsa Market, Kartlar, ATM, Diğer.",2026-04-29 10:00:34
Aylık Konu Özeti,2024-09-01,"2024-09 ayında toplam 8,449 yorum alındı. NPS ortalaması: 6.60. Detractor oranı: %40.5. Öne çıkan konular: Hızlı Para (KMH), İhtiyaç Kredileri, Borsa Market, Çağrı Merkezi, ATM.",2026-04-29 10:00:34
Aylık Konu Özeti,2024-10-01,"2024-10 ayında toplam 8,425 yorum alındı. NPS ortalaması: 6.65. Detractor oranı: %40.2. Öne çıkan konular: Kurumsal Bankacılık, Fon Market, Kampanyalar, Çağrı Merkezi, Kiraz (Vadeli Hesap).",2026-04-29 10:00:34
Aylık Konu Özeti,2024-11-01,"2024-11 ayında toplam 8,174 yorum alındı. NPS ortalaması: 6.65. Detractor oranı: %39.7. Öne çıkan konular: Mobil Bankacılık, ATM, Kartlar, Fon Market, Çağrı Merkezi.",2026-04-29 10:00:34
Aylık Konu Özeti,2024-12-01,"2024-12 ayında toplam 8,535 yorum alındı. NPS ortalaması: 6.59. Detractor oranı: %40.9. Öne çıkan konular: Alışveriş Kredisi, Kampanyalar, Çağrı Merkezi, Fon Market, Kartlar.",2026-04-29 10:00:34
Aylık Konu Özeti,2025-01-01,"2025-01 ayında toplam 8,495 yorum alındı. NPS ortalaması: 6.62. Detractor oranı: %40.1. Öne çıkan konular: Mobil Bankacılık, Getirfinans, Kampanyalar, Şube, Hızlı Para (KMH).",2026-04-29 10:00:34
Aylık Konu Özeti,2025-02-01,"2025-02 ayında toplam 7,917 yorum alındı. NPS ortalaması: 6.64. Detractor oranı: %40.4. Öne çıkan konular: İhtiyaç Kredileri, Hızlı Para (KMH), Kiraz (Vadeli Hesap), Kripto Market, Kurumsal Bankacılık.",2026-04-29 10:00:34
Aylık Konu Özeti,2025-03-01,"2025-03 ayında toplam 8,512 yorum alındı. NPS ortalaması: 6.67. Detractor oranı: %39.6. Öne çıkan konular: Hızlı Para (KMH), Görüntülü Bankacılık, Kripto Market, Kartlar, Çağrı Merkezi.",2026-04-29 10:00:34
Aylık Konu Özeti,2025-04-01,"2025-04 ayında toplam 8,212 yorum alındı. NPS ortalaması: 6.61. Detractor oranı: %40.3. Öne çıkan konular: Borsa Market, Hızlı Para (KMH), İhtiyaç Kredileri, Görüntülü Bankacılık, Getirfinans.",2026-04-29 10:00:34
Aylık Konu Özeti,2025-05-01,"2025-05 ayında toplam 8,397 yorum alındı. NPS ortalaması: 6.67. Detractor oranı: %39.0. Öne çıkan konular: Borsa Market, Alışveriş Kredisi, FX Market, Hızlı Para (KMH), Görüntülü Bankacılık.",2026-04-29 10:00:34
Aylık Konu Özeti,2025-06-01,"2025-06 ayında toplam 8,060 yorum alındı. NPS ortalaması: 6.71. Detractor oranı: %39.0. Öne çıkan konular: Kartlar, Banka, Kiraz (Vadeli Hesap), Kampanyalar, Hızlı Para (KMH).",2026-04-29 10:00:34
Aylık Konu Özeti,2025-07-01,"2025-07 ayında toplam 8,471 yorum alındı. NPS ortalaması: 6.63. Detractor oranı: %39.6. Öne çıkan konular: Borsa Market, Kurumsal Bankacılık, Fon Market, Alışveriş Kredisi, Şube.",2026-04-29 10:00:34
Aylık Konu Özeti,2025-08-01,"2025-08 ayında toplam 8,426 yorum alındı. NPS ortalaması: 6.67. Detractor oranı: %39.7. Öne çıkan konular: ATM, Fon Market, Kampanyalar, Kurumsal Bankacılık, Getirfinans.",2026-04-29 10:00:34
Aylık Konu Özeti,2025-09-01,"2025-09 ayında toplam 8,226 yorum alındı. NPS ortalaması: 6.67. Detractor oranı: %39.6. Öne çıkan konular: ATM, Getirfinans, Hızlı Para (KMH), Kurumsal Bankacılık, Şube.",2026-04-29 10:00:34
Aylık Konu Özeti,2025-10-01,"2025-10 ayında toplam 8,542 yorum alındı. NPS ortalaması: 6.65. Detractor oranı: %39.6. Öne çıkan konular: Mobil Bankacılık, Görüntülü Bankacılık, Getirfinans, Kripto Market, Borsa Market.",2026-04-29 10:00:34
Aylık Konu Özeti,2025-11-01,"2025-11 ayında toplam 8,299 yorum alındı. NPS ortalaması: 6.64. Detractor oranı: %40.0. Öne çıkan konular: Kiraz (Vadeli Hesap), Alışveriş Kredisi, ATM, Kartlar, Hızlı Para (KMH).",2026-04-29 10:00:34
Aylık Konu Özeti,2025-12-01,"2025-12 ayında toplam 8,159 yorum alındı. NPS ortalaması: 6.67. Detractor oranı: %39.9. Öne çıkan konular: ATM, Kampanyalar, Diğer, Getirfinans, Kiraz (Vadeli Hesap).",2026-04-29 10:00:34
Günlük Negatif Özet,2025-12-01,"2025-12-01 tarihinde 55 negatif yorum (NPS 0-4). Yoğunlaşan konular: Kartlar, Kurumsal Bankacılık, Görüntülü Bankacılık. Hakim duygular: Kızgın, Endişeli.",2026-04-29 10:00:34
Günlük Negatif Özet,2025-12-02,"2025-12-02 tarihinde 58 negatif yorum (NPS 0-4). Yoğunlaşan konular: İhtiyaç Kredileri, Kampanyalar, Mobil Bankacılık. Hakim duygular: Veri Yetersiz, Endişeli.",2026-04-29 10:00:34
Günlük Negatif Özet,2025-12-03,"2025-12-03 tarihinde 55 negatif yorum (NPS 0-4). Yoğunlaşan konular: Kurumsal Bankacılık, FX Market, Diğer. Hakim duygular: Kızgın, Veri Yetersiz.",2026-04-29 10:00:34
Günlük Negatif Özet,2025-12-04,"2025-12-04 tarihinde 56 negatif yorum (NPS 0-4). Yoğunlaşan konular: Kampanyalar, Alışveriş Kredisi, Kiraz (Vadeli Hesap). Hakim duygular: Endişeli, Kızgın.",2026-04-29 10:00:34
Günlük Negatif Özet,2025-12-05,"2025-12-05 tarihinde 52 negatif yorum (NPS 0-4). Yoğunlaşan konular: Çağrı Merkezi, Görüntülü Bankacılık, Kiraz (Vadeli Hesap). Hakim duygular: Kızgın, Mutsuz.",2026-04-29 10:00:34
Günlük Negatif Özet,2025-12-06,"2025-12-06 tarihinde 56 negatif yorum (NPS 0-4). Yoğunlaşan konular: Kampanyalar, Çağrı Merkezi, İhtiyaç Kredileri. Hakim duygular: Veri Yetersiz, Mutsuz.",2026-04-29 10:00:34
Günlük Negatif Özet,2025-12-07,"2025-12-07 tarihinde 62 negatif yorum (NPS 0-4). Yoğunlaşan konular: Kartlar, Şube, Görüntülü Bankacılık. Hakim duygular: Endişeli, Mutsuz.",2026-04-29 10:00:34
Günlük Negatif Özet,2025-12-08,"2025-12-08 tarihinde 43 negatif yorum (NPS 0-4). Yoğunlaşan konular: Hızlı Para (KMH), Diğer, Mobil Bankacılık. Hakim duygular: Mutsuz, Endişeli.",2026-04-29 10:00:34
Günlük Negatif Özet,2025-12-09,"2025-12-09 tarihinde 52 negatif yorum (NPS 0-4). Yoğunlaşan konular: Banka, Kurumsal Bankacılık, Getirfinans. Hakim duygular: Endişeli, Veri Yetersiz.",2026-04-29 10:00:34
Günlük Negatif Özet,2025-12-10,"2025-12-10 tarihinde 58 negatif yorum (NPS 0-4). Yoğunlaşan konular: Kartlar, FX Market, Hızlı Para (KMH). Hakim duygular: Kızgın, Endişeli.",2026-04-29 10:00:34
Günlük Negatif Özet,2025-12-11,"2025-12-11 tarihinde 42 negatif yorum (NPS 0-4). Yoğunlaşan konular: ATM, Kiraz (Vadeli Hesap), Kartlar. Hakim duygular: Endişeli, Veri Yetersiz.",2026-04-29 10:00:34
Günlük Negatif Özet,2025-12-12,"2025-12-12 tarihinde 59 negatif yorum (NPS 0-4). Yoğunlaşan konular: Banka, ATM, Borsa Market. Hakim duygular: Kızgın, Endişeli.",2026-04-29 10:00:34
Günlük Negatif Özet,2025-12-13,"2025-12-13 tarihinde 46 negatif yorum (NPS 0-4). Yoğunlaşan konular: Mobil Bankacılık, Fon Market, Şube. Hakim duygular: Veri Yetersiz, Endişeli.",2026-04-29 10:00:34
Günlük Negatif Özet,2025-12-14,"2025-12-14 tarihinde 57 negatif yorum (NPS 0-4). Yoğunlaşan konular: İhtiyaç Kredileri, Banka, Kampanyalar. Hakim duygular: Endişeli, Mutsuz.",2026-04-29 10:00:34
Günlük Negatif Özet,2025-12-15,"2025-12-15 tarihinde 47 negatif yorum (NPS 0-4). Yoğunlaşan konular: İhtiyaç Kredileri, Çağrı Merkezi, Banka. Hakim duygular: Mutsuz, Veri Yetersiz.",2026-04-29 10:00:34
Günlük Negatif Özet,2025-12-16,"2025-12-16 tarihinde 46 negatif yorum (NPS 0-4). Yoğunlaşan konular: Banka, Kartlar, Kampanyalar. Hakim duygular: Veri Yetersiz, Mutsuz.",2026-04-29 10:00:34
Günlük Negatif Özet,2025-12-17,"2025-12-17 tarihinde 54 negatif yorum (NPS 0-4). Yoğunlaşan konular: Getirfinans, Kripto Market, Kartlar. Hakim duygular: Veri Yetersiz, Endişeli.",2026-04-29 10:00:34
Günlük Negatif Özet,2025-12-18,"2025-12-18 tarihinde 57 negatif yorum (NPS 0-4). Yoğunlaşan konular: Getirfinans, Hızlı Para (KMH), Kartlar. Hakim duygular: Endişeli, Mutsuz.",2026-04-29 10:00:34
Günlük Negatif Özet,2025-12-19,"2025-12-19 tarihinde 48 negatif yorum (NPS 0-4). Yoğunlaşan konular: FX Market, Mobil Bankacılık, Diğer. Hakim duygular: Endişeli, Mutsuz.",2026-04-29 10:00:34
Günlük Negatif Özet,2025-12-20,"2025-12-20 tarihinde 71 negatif yorum (NPS 0-4). Yoğunlaşan konular: Görüntülü Bankacılık, Fon Market, Şube. Hakim duygular: Endişeli, Veri Yetersiz.",2026-04-29 10:00:34
Günlük Negatif Özet,2025-12-21,"2025-12-21 tarihinde 48 negatif yorum (NPS 0-4). Yoğunlaşan konular: Kampanyalar, Kripto Market, ATM. Hakim duygular: Veri Yetersiz, Kızgın.",2026-04-29 10:00:34
Günlük Negatif Özet,2025-12-22,"2025-12-22 tarihinde 53 negatif yorum (NPS 0-4). Yoğunlaşan konular: Borsa Market, Diğer, Kiraz (Vadeli Hesap). Hakim duygular: Kızgın, Veri Yetersiz.",2026-04-29 10:00:34
Günlük Negatif Özet,2025-12-23,"2025-12-23 tarihinde 44 negatif yorum (NPS 0-4). Yoğunlaşan konular: ATM, Fon Market, Çağrı Merkezi. Hakim duygular: Mutsuz, Veri Yetersiz.",2026-04-29 10:00:34
Günlük Negatif Özet,2025-12-24,"2025-12-24 tarihinde 43 negatif yorum (NPS 0-4). Yoğunlaşan konular: Alışveriş Kredisi, Getirfinans, Şube. Hakim duygular: Kızgın, Veri Yetersiz.",2026-04-29 10:00:34
Günlük Negatif Özet,2025-12-25,"2025-12-25 tarihinde 53 negatif yorum (NPS 0-4). Yoğunlaşan konular: Kripto Market, Kurumsal Bankacılık, Banka. Hakim duygular: Veri Yetersiz, Kızgın.",2026-04-29 10:00:34
Günlük Negatif Özet,2025-12-26,"2025-12-26 tarihinde 51 negatif yorum (NPS 0-4). Yoğunlaşan konular: Kurumsal Bankacılık, Kartlar, Alışveriş Kredisi. Hakim duygular: Veri Yetersiz, Kızgın.",2026-04-29 10:00:34
Günlük Negatif Özet,2025-12-27,"2025-12-27 tarihinde 61 negatif yorum (NPS 0-4). Yoğunlaşan konular: ATM, Kampanyalar, Getirfinans. Hakim duygular: Mutsuz, Endişeli.",2026-04-29 10:00:34
Günlük Negatif Özet,2025-12-28,"2025-12-28 tarihinde 62 negatif yorum (NPS 0-4). Yoğunlaşan konular: Fon Market, ATM, Diğer. Hakim duygular: Veri Yetersiz, Kızgın.",2026-04-29 10:00:34
Günlük Negatif Özet,2025-12-29,"2025-12-29 tarihinde 58 negatif yorum (NPS 0-4). Yoğunlaşan konular: Şube, Fon Market, ATM. Hakim duygular: Endişeli, Veri Yetersiz.",2026-04-29 10:00:34
Günlük Negatif Özet,2025-12-30,"2025-12-30 tarihinde 50 negatif yorum (NPS 0-4). Yoğunlaşan konular: Getirfinans, Fon Market, Kampanyalar. Hakim duygular: Mutsuz, Veri Yetersiz.",2026-04-29 10:00:34
Haftalık Segment Dağılımı,2024-01-01,"Hafta 2024-01-01/2024-01-07: Detractor %39.5 (771), Passive %30.4 (594), Promoter %30.1 (587).",2026-04-29 10:00:34
Haftalık Segment Dağılımı,2024-01-08,"Hafta 2024-01-08/2024-01-14: Detractor %40.0 (733), Passive %30.4 (557), Promoter %29.6 (542).",2026-04-29 10:00:34
Haftalık Segment Dağılımı,2024-01-15,"Hafta 2024-01-15/2024-01-21: Detractor %40.0 (752), Passive %28.9 (543), Promoter %31.2 (586).",2026-04-29 10:00:34
Haftalık Segment Dağılımı,2024-01-22,"Hafta 2024-01-22/2024-01-28: Detractor %40.1 (772), Passive %30.2 (582), Promoter %29.6 (570).",2026-04-29 10:00:34
Haftalık Segment Dağılımı,2024-01-29,"Hafta 2024-01-29/2024-02-04: Detractor %39.9 (765), Passive %29.7 (570), Promoter %30.3 (581).",2026-04-29 10:00:34
Haftalık Segment Dağılımı,2024-02-05,"Hafta 2024-02-05/2024-02-11: Detractor %39.7 (758), Passive %29.3 (559), Promoter %31.0 (593).",2026-04-29 10:00:34
Haftalık Segment Dağılımı,2024-02-12,"Hafta 2024-02-12/2024-02-18: Detractor %40.7 (771), Passive %30.3 (574), Promoter %28.9 (548).",2026-04-29 10:00:34
Haftalık Segment Dağılımı,2024-02-19,"Hafta 2024-02-19/2024-02-25: Detractor %40.1 (764), Passive %29.6 (564), Promoter %30.3 (578).",2026-04-29 10:00:34
Haftalık Segment Dağılımı,2024-02-26,"Hafta 2024-02-26/2024-03-03: Detractor %43.3 (812), Passive %28.4 (534), Promoter %28.3 (531).",2026-04-29 10:00:34
Haftalık Segment Dağılımı,2024-03-04,"Hafta 2024-03-04/2024-03-10: Detractor %40.5 (767), Passive %30.0 (568), Promoter %29.5 (559).",2026-04-29 10:00:34
Haftalık Segment Dağılımı,2024-03-11,"Hafta 2024-03-11/2024-03-17: Detractor %41.7 (786), Passive %29.6 (557), Promoter %28.7 (541).",2026-04-29 10:00:34
Haftalık Segment Dağılımı,2024-03-18,"Hafta 2024-03-18/2024-03-24: Detractor %39.2 (751), Passive %30.0 (576), Promoter %30.8 (591).",2026-04-29 10:00:34
Haftalık Segment Dağılımı,2024-03-25,"Hafta 2024-03-25/2024-03-31: Detractor %40.3 (782), Passive %31.4 (609), Promoter %28.3 (548).",2026-04-29 10:00:34
Haftalık Segment Dağılımı,2024-04-01,"Hafta 2024-04-01/2024-04-07: Detractor %39.1 (780), Passive %30.5 (609), Promoter %30.4 (608).",2026-04-29 10:00:34
Haftalık Segment Dağılımı,2024-04-08,"Hafta 2024-04-08/2024-04-14: Detractor %39.5 (764), Passive %29.5 (570), Promoter %31.0 (600).",2026-04-29 10:00:34
Haftalık Segment Dağılımı,2024-04-15,"Hafta 2024-04-15/2024-04-21: Detractor %42.2 (799), Passive %29.5 (559), Promoter %28.3 (535).",2026-04-29 10:00:34
Haftalık Segment Dağılımı,2024-04-22,"Hafta 2024-04-22/2024-04-28: Detractor %40.9 (787), Passive %30.0 (577), Promoter %29.1 (559).",2026-04-29 10:00:34
Haftalık Segment Dağılımı,2024-04-29,"Hafta 2024-04-29/2024-05-05: Detractor %41.3 (829), Passive %29.2 (587), Promoter %29.4 (591).",2026-04-29 10:00:34
Haftalık Segment Dağılımı,2024-05-06,"Hafta 2024-05-06/2024-05-12: Detractor %38.9 (750), Passive %30.4 (586), Promoter %30.7 (591).",2026-04-29 10:00:34
Haftalık Segment Dağılımı,2024-05-13,"Hafta 2024-05-13/2024-05-19: Detractor %39.2 (759), Passive %31.1 (601), Promoter %29.7 (575).",2026-04-29 10:00:34
Haftalık Segment Dağılımı,2024-05-20,"Hafta 2024-05-20/2024-05-26: Detractor %42.6 (809), Passive %30.2 (574), Promoter %27.1 (515).",2026-04-29 10:00:34
Haftalık Segment Dağılımı,2024-05-27,"Hafta 2024-05-27/2024-06-02: Detractor %36.9 (690), Passive %32.1 (599), Promoter %31.0 (579).",2026-04-29 10:00:34
Haftalık Segment Dağılımı,2024-06-03,"Hafta 2024-06-03/2024-06-09: Detractor %38.9 (747), Passive %30.0 (577), Promoter %31.1 (598).",2026-04-29 10:00:34
Haftalık Segment Dağılımı,2024-06-10,"Hafta 2024-06-10/2024-06-16: Detractor %39.8 (758), Passive %31.0 (589), Promoter %29.2 (556).",2026-04-29 10:00:34
Haftalık Segment Dağılımı,2024-06-17,"Hafta 2024-06-17/2024-06-23: Detractor %39.7 (764), Passive %31.0 (596), Promoter %29.3 (564).",2026-04-29 10:00:34
Haftalık Segment Dağılımı,2024-06-24,"Hafta 2024-06-24/2024-06-30: Detractor %38.8 (746), Passive %32.1 (618), Promoter %29.1 (560).",2026-04-29 10:00:34
Haftalık Segment Dağılımı,2024-07-01,"Hafta 2024-07-01/2024-07-07: Detractor %40.9 (789), Passive %30.6 (590), Promoter %28.5 (550).",2026-04-29 10:00:34
Haftalık Segment Dağılımı,2024-07-08,"Hafta 2024-07-08/2024-07-14: Detractor %39.6 (730), Passive %29.9 (551), Promoter %30.5 (561).",2026-04-29 10:00:34
Haftalık Segment Dağılımı,2024-07-15,"Hafta 2024-07-15/2024-07-21: Detractor %39.3 (749), Passive %30.8 (587), Promoter %29.9 (571).",2026-04-29 10:00:34
Haftalık Segment Dağılımı,2024-07-22,"Hafta 2024-07-22/2024-07-28: Detractor %38.1 (761), Passive %30.9 (616), Promoter %31.0 (619).",2026-04-29 10:00:34
Haftalık Segment Dağılımı,2024-07-29,"Hafta 2024-07-29/2024-08-04: Detractor %39.2 (746), Passive %29.1 (553), Promoter %31.7 (602).",2026-04-29 10:00:34
Haftalık Segment Dağılımı,2024-08-05,"Hafta 2024-08-05/2024-08-11: Detractor %40.2 (751), Passive %30.5 (570), Promoter %29.3 (548).",2026-04-29 10:00:34
Haftalık Segment Dağılımı,2024-08-12,"Hafta 2024-08-12/2024-08-18: Detractor %40.0 (768), Passive %29.2 (560), Promoter %30.8 (591).",2026-04-29 10:00:34
Haftalık Segment Dağılımı,2024-08-19,"Hafta 2024-08-19/2024-08-25: Detractor %39.5 (765), Passive %30.4 (588), Promoter %30.1 (583).",2026-04-29 10:00:34
Haftalık Segment Dağılımı,2024-08-26,"Hafta 2024-08-26/2024-09-01: Detractor %40.1 (760), Passive %30.2 (573), Promoter %29.7 (564).",2026-04-29 10:00:34
Haftalık Segment Dağılımı,2024-09-02,"Hafta 2024-09-02/2024-09-08: Detractor %41.3 (806), Passive %30.1 (587), Promoter %28.6 (558).",2026-04-29 10:00:34
Haftalık Segment Dağılımı,2024-09-09,"Hafta 2024-09-09/2024-09-15: Detractor %39.4 (788), Passive %30.0 (600), Promoter %30.6 (612).",2026-04-29 10:00:34
Haftalık Segment Dağılımı,2024-09-16,"Hafta 2024-09-16/2024-09-22: Detractor %40.4 (802), Passive %28.3 (562), Promoter %31.2 (620).",2026-04-29 10:00:34
Haftalık Segment Dağılımı,2024-09-23,"Hafta 2024-09-23/2024-09-29: Detractor %40.8 (803), Passive %29.9 (589), Promoter %29.3 (576).",2026-04-29 10:00:34
Haftalık Segment Dağılımı,2024-09-30,"Hafta 2024-09-30/2024-10-06: Detractor %41.8 (817), Passive %30.1 (589), Promoter %28.1 (550).",2026-04-29 10:00:34
Haftalık Segment Dağılımı,2024-10-07,"Hafta 2024-10-07/2024-10-13: Detractor %39.5 (740), Passive %27.4 (514), Promoter %33.1 (621).",2026-04-29 10:00:34
Haftalık Segment Dağılımı,2024-10-14,"Hafta 2024-10-14/2024-10-20: Detractor %39.7 (730), Passive %29.4 (541), Promoter %30.9 (569).",2026-04-29 10:00:34
Haftalık Segment Dağılımı,2024-10-21,"Hafta 2024-10-21/2024-10-27: Detractor %40.5 (776), Passive %30.1 (576), Promoter %29.4 (564).",2026-04-29 10:00:34
Haftalık Segment Dağılımı,2024-10-28,"Hafta 2024-10-28/2024-11-03: Detractor %40.5 (785), Passive %29.8 (578), Promoter %29.7 (575).",2026-04-29 10:00:34
Haftalık Segment Dağılımı,2024-11-04,"Hafta 2024-11-04/2024-11-10: Detractor %39.6 (788), Passive %29.4 (585), Promoter %30.9 (615).",2026-04-29 10:00:34
Haftalık Segment Dağılımı,2024-11-11,"Hafta 2024-11-11/2024-11-17: Detractor %39.9 (758), Passive %30.5 (581), Promoter %29.6 (563).",2026-04-29 10:00:34
Haftalık Segment Dağılımı,2024-11-18,"Hafta 2024-11-18/2024-11-24: Detractor %40.4 (750), Passive %29.5 (549), Promoter %30.1 (559).",2026-04-29 10:00:34
Haftalık Segment Dağılımı,2024-11-25,"Hafta 2024-11-25/2024-12-01: Detractor %38.3 (720), Passive %29.6 (556), Promoter %32.2 (605).",2026-04-29 10:00:34
Haftalık Segment Dağılımı,2024-12-02,"Hafta 2024-12-02/2024-12-08: Detractor %43.2 (820), Passive %27.8 (527), Promoter %29.0 (549).",2026-04-29 10:00:34
Haftalık Segment Dağılımı,2024-12-09,"Hafta 2024-12-09/2024-12-15: Detractor %39.9 (770), Passive %28.9 (558), Promoter %31.2 (602).",2026-04-29 10:00:34
Haftalık Segment Dağılımı,2024-12-16,"Hafta 2024-12-16/2024-12-22: Detractor %39.1 (741), Passive %31.1 (590), Promoter %29.8 (566).",2026-04-29 10:00:34
Haftalık Segment Dağılımı,2024-12-23,"Hafta 2024-12-23/2024-12-29: Detractor %41.0 (816), Passive %30.4 (605), Promoter %28.6 (568).",2026-04-29 10:00:34
Haftalık Segment Dağılımı,2024-12-30,"Hafta 2024-12-30/2025-01-05: Detractor %41.2 (769), Passive %27.7 (517), Promoter %31.1 (580).",2026-04-29 10:00:34
Haftalık Segment Dağılımı,2025-01-06,"Hafta 2025-01-06/2025-01-12: Detractor %40.3 (810), Passive %30.5 (612), Promoter %29.2 (586).",2026-04-29 10:00:34
Haftalık Segment Dağılımı,2025-01-13,"Hafta 2025-01-13/2025-01-19: Detractor %40.2 (764), Passive %30.2 (573), Promoter %29.6 (562).",2026-04-29 10:00:34
Haftalık Segment Dağılımı,2025-01-20,"Hafta 2025-01-20/2025-01-26: Detractor %40.0 (747), Passive %29.2 (545), Promoter %30.8 (575).",2026-04-29 10:00:34
Haftalık Segment Dağılımı,2025-01-27,"Hafta 2025-01-27/2025-02-02: Detractor %39.8 (768), Passive %30.2 (583), Promoter %30.0 (580).",2026-04-29 10:00:34
Haftalık Segment Dağılımı,2025-02-03,"Hafta 2025-02-03/2025-02-09: Detractor %40.5 (807), Passive %28.1 (561), Promoter %31.4 (626).",2026-04-29 10:00:34
Haftalık Segment Dağılımı,2025-02-10,"Hafta 2025-02-10/2025-02-16: Detractor %38.7 (780), Passive %30.6 (617), Promoter %30.7 (618).",2026-04-29 10:00:34
Haftalık Segment Dağılımı,2025-02-17,"Hafta 2025-02-17/2025-02-23: Detractor %42.4 (841), Passive %27.8 (551), Promoter %29.8 (592).",2026-04-29 10:00:34
Haftalık Segment Dağılımı,2025-02-24,"Hafta 2025-02-24/2025-03-02: Detractor %39.8 (759), Passive %30.2 (577), Promoter %30.0 (572).",2026-04-29 10:00:34
Haftalık Segment Dağılımı,2025-03-03,"Hafta 2025-03-03/2025-03-09: Detractor %40.6 (804), Passive %31.6 (625), Promoter %27.8 (551).",2026-04-29 10:00:34
Haftalık Segment Dağılımı,2025-03-10,"Hafta 2025-03-10/2025-03-16: Detractor %39.7 (782), Passive %30.8 (607), Promoter %29.5 (581).",2026-04-29 10:00:34
Haftalık Segment Dağılımı,2025-03-17,"Hafta 2025-03-17/2025-03-23: Detractor %38.7 (732), Passive %30.5 (576), Promoter %30.8 (582).",2026-04-29 10:00:34
Haftalık Segment Dağılımı,2025-03-24,"Hafta 2025-03-24/2025-03-30: Detractor %40.0 (752), Passive %29.2 (549), Promoter %30.8 (579).",2026-04-29 10:00:34
Haftalık Segment Dağılımı,2025-03-31,"Hafta 2025-03-31/2025-04-06: Detractor %41.2 (783), Passive %29.4 (559), Promoter %29.4 (558).",2026-04-29 10:00:34
Haftalık Segment Dağılımı,2025-04-07,"Hafta 2025-04-07/2025-04-13: Detractor %41.4 (780), Passive %30.6 (576), Promoter %28.1 (529).",2026-04-29 10:00:34
Haftalık Segment Dağılımı,2025-04-14,"Hafta 2025-04-14/2025-04-20: Detractor %40.4 (781), Passive %30.0 (581), Promoter %29.6 (572).",2026-04-29 10:00:34
Haftalık Segment Dağılımı,2025-04-21,"Hafta 2025-04-21/2025-04-27: Detractor %38.3 (746), Passive %29.5 (574), Promoter %32.3 (629).",2026-04-29 10:00:34
Haftalık Segment Dağılımı,2025-04-28,"Hafta 2025-04-28/2025-05-04: Detractor %38.2 (737), Passive %31.8 (614), Promoter %30.0 (580).",2026-04-29 10:00:34
Haftalık Segment Dağılımı,2025-05-05,"Hafta 2025-05-05/2025-05-11: Detractor %39.7 (759), Passive %29.7 (569), Promoter %30.6 (585).",2026-04-29 10:00:34
Haftalık Segment Dağılımı,2025-05-12,"Hafta 2025-05-12/2025-05-18: Detractor %37.9 (702), Passive %31.8 (589), Promoter %30.3 (562).",2026-04-29 10:00:34
Haftalık Segment Dağılımı,2025-05-19,"Hafta 2025-05-19/2025-05-25: Detractor %39.6 (738), Passive %31.5 (587), Promoter %28.9 (538).",2026-04-29 10:00:34
Haftalık Segment Dağılımı,2025-05-26,"Hafta 2025-05-26/2025-06-01: Detractor %39.4 (751), Passive %30.5 (581), Promoter %30.2 (576).",2026-04-29 10:00:34
Haftalık Segment Dağılımı,2025-06-02,"Hafta 2025-06-02/2025-06-08: Detractor %39.1 (736), Passive %29.6 (558), Promoter %31.3 (590).",2026-04-29 10:00:34
Haftalık Segment Dağılımı,2025-06-09,"Hafta 2025-06-09/2025-06-15: Detractor %39.6 (751), Passive %31.8 (602), Promoter %28.6 (542).",2026-04-29 10:00:34
Haftalık Segment Dağılımı,2025-06-16,"Hafta 2025-06-16/2025-06-22: Detractor %39.2 (738), Passive %29.8 (562), Promoter %31.0 (585).",2026-04-29 10:00:34
Haftalık Segment Dağılımı,2025-06-23,"Hafta 2025-06-23/2025-06-29: Detractor %38.6 (729), Passive %30.3 (573), Promoter %31.0 (586).",2026-04-29 10:00:34
Haftalık Segment Dağılımı,2025-06-30,"Hafta 2025-06-30/2025-07-06: Detractor %39.5 (738), Passive %29.5 (551), Promoter %31.0 (579).",2026-04-29 10:00:34
Haftalık Segment Dağılımı,2025-07-07,"Hafta 2025-07-07/2025-07-13: Detractor %40.3 (791), Passive %29.9 (587), Promoter %29.9 (587).",2026-04-29 10:00:34
Haftalık Segment Dağılımı,2025-07-14,"Hafta 2025-07-14/2025-07-20: Detractor %39.8 (757), Passive %29.8 (566), Promoter %30.4 (579).",2026-04-29 10:00:34
Haftalık Segment Dağılımı,2025-07-21,"Hafta 2025-07-21/2025-07-27: Detractor %38.7 (737), Passive %30.9 (587), Promoter %30.4 (578).",2026-04-29 10:00:34
Haftalık Segment Dağılımı,2025-07-28,"Hafta 2025-07-28/2025-08-03: Detractor %38.2 (708), Passive %31.6 (586), Promoter %30.1 (558).",2026-04-29 10:00:34
Haftalık Segment Dağılımı,2025-08-04,"Hafta 2025-08-04/2025-08-10: Detractor %39.7 (757), Passive %30.7 (585), Promoter %29.6 (564).",2026-04-29 10:00:34
Haftalık Segment Dağılımı,2025-08-11,"Hafta 2025-08-11/2025-08-17: Detractor %39.8 (767), Passive %30.4 (586), Promoter %29.7 (572).",2026-04-29 10:00:34
Haftalık Segment Dağılımı,2025-08-18,"Hafta 2025-08-18/2025-08-24: Detractor %39.8 (787), Passive %28.8 (569), Promoter %31.4 (620).",2026-04-29 10:00:34
Haftalık Segment Dağılımı,2025-08-25,"Hafta 2025-08-25/2025-08-31: Detractor %40.0 (740), Passive %30.3 (561), Promoter %29.8 (551).",2026-04-29 10:00:34
Haftalık Segment Dağılımı,2025-09-01,"Hafta 2025-09-01/2025-09-07: Detractor %39.1 (767), Passive %31.0 (608), Promoter %29.8 (585).",2026-04-29 10:00:34
Haftalık Segment Dağılımı,2025-09-08,"Hafta 2025-09-08/2025-09-14: Detractor %39.9 (782), Passive %29.1 (571), Promoter %31.0 (608).",2026-04-29 10:00:34
Haftalık Segment Dağılımı,2025-09-15,"Hafta 2025-09-15/2025-09-21: Detractor %38.7 (731), Passive %30.7 (580), Promoter %30.6 (577).",2026-04-29 10:00:34
Haftalık Segment Dağılımı,2025-09-22,"Hafta 2025-09-22/2025-09-28: Detractor %39.7 (756), Passive %28.9 (550), Promoter %31.4 (598).",2026-04-29 10:00:34
Haftalık Segment Dağılımı,2025-09-29,"Hafta 2025-09-29/2025-10-05: Detractor %41.0 (753), Passive %30.2 (555), Promoter %28.8 (530).",2026-04-29 10:00:34
Haftalık Segment Dağılımı,2025-10-06,"Hafta 2025-10-06/2025-10-12: Detractor %39.8 (757), Passive %31.6 (601), Promoter %28.7 (546).",2026-04-29 10:00:34
Haftalık Segment Dağılımı,2025-10-13,"Hafta 2025-10-13/2025-10-19: Detractor %40.4 (808), Passive %30.9 (619), Promoter %28.7 (575).",2026-04-29 10:00:34
Haftalık Segment Dağılımı,2025-10-20,"Hafta 2025-10-20/2025-10-26: Detractor %39.0 (767), Passive %31.8 (626), Promoter %29.2 (574).",2026-04-29 10:00:34
Haftalık Segment Dağılımı,2025-10-27,"Hafta 2025-10-27/2025-11-02: Detractor %38.6 (731), Passive %29.6 (562), Promoter %31.8 (603).",2026-04-29 10:00:34
Haftalık Segment Dağılımı,2025-11-03,"Hafta 2025-11-03/2025-11-09: Detractor %41.0 (788), Passive %28.2 (541), Promoter %30.8 (591).",2026-04-29 10:00:34
Haftalık Segment Dağılımı,2025-11-10,"Hafta 2025-11-10/2025-11-16: Detractor %40.5 (766), Passive %29.7 (562), Promoter %29.8 (564).",2026-04-29 10:00:34
Haftalık Segment Dağılımı,2025-11-17,"Hafta 2025-11-17/2025-11-23: Detractor %40.0 (788), Passive %30.2 (595), Promoter %29.8 (588).",2026-04-29 10:00:34
Haftalık Segment Dağılımı,2025-11-24,"Hafta 2025-11-24/2025-11-30: Detractor %39.0 (766), Passive %30.5 (599), Promoter %30.5 (599).",2026-04-29 10:00:34
Haftalık Segment Dağılımı,2025-12-01,"Hafta 2025-12-01/2025-12-07: Detractor %41.6 (778), Passive %27.3 (510), Promoter %31.0 (580).",2026-04-29 10:00:34
Haftalık Segment Dağılımı,2025-12-08,"Hafta 2025-12-08/2025-12-14: Detractor %39.3 (727), Passive %29.9 (554), Promoter %30.8 (570).",2026-04-29 10:00:34
Haftalık Segment Dağılımı,2025-12-15,"Hafta 2025-12-15/2025-12-21: Detractor %39.2 (754), Passive %29.6 (569), Promoter %31.3 (602).",2026-04-29 10:00:34
Haftalık Segment Dağılımı,2025-12-22,"Hafta 2025-12-22/2025-12-28: Detractor %39.2 (776), Passive %30.8 (611), Promoter %30.0 (595).",2026-04-29 10:00:34
Haftalık Segment Dağılımı,2025-12-29,"Hafta 2025-12-29/2026-01-04: Detractor %40.9 (218), Passive %27.8 (148), Promoter %31.3 (167).",2026-04-29 10:00:34
